Nickname,Contraseña,Correo electrónico,"Conectado (1 si, 0 no)"
Mord86,NPZ44VGE5FD,scelerisque.sed@lectusa.com,1
Stin94,WAG95DOM2LZ,in.tempus@a.com,1
Asro25,PDW92QLF0HC,turpis.Aliquam.adipiscing@tincidunt.net,0
Imre78,MDQ80CXX3XT,eget.dictum.placerat@atsem.net,0
Taon95,USW07EIK1AC,parturient@Nulla.co.uk,0
Avey48,ZEE21HJG3WL,Class@orci.net,0
Kaez42,BLH11FPZ6AP,consectetuer.cursus.et@semmolestiesodales.co.uk,0
Idin94,NMB35GLX6GU,tempus.non@nullaDonec.com,0
Jado86,NDG72OCE0BM,eu@eleifendvitaeerat.org,1
Roan78,FOA51PLE0LG,odio@Etiambibendumfermentum.edu,1
Axon36,XJJ16GWD0XD,Pellentesque.ultricies.dignissim@idmagnaet.ca,0
Amer64,MMU55KUG4GZ,sit@eu.org,0
